{
 "Exfil": 0.9777777777777777,
 "Fraud": 0.875,
 "Evasion": 1.0,
 "Privilege": 0.9523809523809523
}