{"model": "Qwen2.5-1.5B-Instruct", "layer": 16, "read": "last-token, projected onto direction", "threshold": -0.051439639180898666, "recall_at_threshold": 0.95, "auc": 0.992741935483871, "dim": 1536, "direction": [-0.022086, 0.014937, 0.027872, 0.015869, 0.005491, -0.049329, -0.016386, 0.025987, 0.005981, -0.021039, -0.018805, 0.00811, -0.024498, 0.002077, -0.025369, -0.035544, -0.016267, 0.021479, 0.024869, 0.029057, -0.009754, 0.021861, 0.019953, 0.006355, 0.017873, -0.002025, 0.023699, -0.047132, 0.024866, -0.032883, 0.009279, -0.008151, 0.033525, -0.077985, -0.022057, 0.005282, -0.011224, 0.012927, -0.092319, 0.008274, -0.015433, -0.007918, -0.004526, 0.041308, -0.026302, 0.013577, 0.002786, 0.009133, -0.007302, 0.017068, 0.006891, 0.017115, -0.02255, -0.025742, 0.001351, 0.002731, 0.011652, -0.018199, -0.01729, -0.044475, -0.033486, 0.045845, -0.016755, -0.015146, 0.005038, 0.047647, 0.015999, -0.034648, -0.026792, 0.024133, -0.030304, 0.04344, -0.021172, -0.009165, -0.027894, 0.022474, 0.012272, 0.056239, 0.024267, -0.024106, 0.038648, 0.016964, 0.012494, 0.008733, -0.013066, -0.028762, 0.002128, 0.014961, -0.012696, 0.013047, 0.022327, -0.008, -0.013561, -0.006011, 0.001561, 0.016975, -0.006623, 0.008764, -0.000931, 0.025336, 0.000508, 0.009432, -0.018568, -0.00884, 0.015214, -0.026817, 0.013428, 0.023698, 0.004705, 0.011608, 0.022463, -0.016333, -0.034323, -0.021455, -0.02907, -0.006623, 0.028, 0.000927, -0.050661, -0.035773, -0.017917, 0.007925, 0.072978, 0.027119, 0.012088, -0.015623, -0.018682, 0.015524, 0.008878, 0.001233, -0.06396, 0.015126, 0.001288, 0.006315, -0.013438, -0.030402, -0.005733, -0.015426, 0.037067, -0.000494, -0.012613, 0.02297, 0.004278, -0.040174, -0.028099, 0.025062, 0.02567, 0.030127, -0.020058, 0.010879, -0.015172, 0.015789, -0.017116, 0.031608, -0.014408, 0.021593, -0.00611, -0.001329, -0.003765, 0.013331, 0.077543, -0.02416, 0.007344, -0.027084, 0.043687, 0.031114, -0.014175, 0.000388, 0.030294, -0.022731, -0.014658, -0.0004, 0.030448, 0.004008, -0.000783, 0.00693, -0.000577, -0.025548, 0.021181, -0.026838, -0.006703, 0.018222, 0.031994, -0.001369, -0.017387, 0.03853, 0.00591, -0.016294, 0.016078, 0.032932, 0.019529, -0.010055, -0.017055, 0.008859, 7.4e-05, 0.005718, 0.013831, -0.018778, 0.01057, -0.030017, 0.034975, -0.00427, 0.017644, 0.026513, 0.01377, -0.026802, 0.014567, -0.009778, -0.009408, 0.00425, 0.001194, -0.038396, -0.037341, 0.011505, 0.020807, -0.026952, -0.02663, -0.000719, -0.002752, -0.004512, 0.018655, -0.035774, 0.001397, 0.018984, -0.003468, 0.004468, -0.002478, -0.034296, -0.017122, 0.000392, 0.021521, 0.023172, -0.006962, 0.023871, 0.005096, 0.013749, -0.054452, 0.013385, -0.009639, -0.007515, 0.013224, 0.013996, -0.030565, 0.006365, 0.013591, 0.034471, 0.018948, -0.001634, -0.019865, 0.0069, 0.00959, 0.007648, -0.02716, -0.016591, 0.024568, -0.010714, -0.00031, 0.002424, 0.012926, -0.028942, 0.008432, -0.001587, -0.018327, -0.043192, -0.002576, 0.01245, 0.032486, 0.010732, 0.004965, 0.053438, -0.021189, -0.036957, -0.04129, -0.007124, 0.02312, -0.013727, -0.006978, 0.00663, -0.006384, 0.022639, -0.012421, -0.026533, -0.040465, 0.014221, 0.009786, -0.006195, -0.037973, 0.032429, 0.010035, 0.001979, 0.052421, -0.009047, -0.001698, 0.003243, -0.032578, -0.049028, 0.013196, 0.018551, 0.014003, 0.0176, -0.040105, -0.019322, 0.012929, 0.018553, 0.009845, 0.053732, -0.005453, 0.019802, -0.018741, -0.003018, -0.012082, 0.005666, 0.009139, 0.003706, -0.004318, 0.019664, 0.014431, -0.013258, -0.021766, -0.03402, -0.004498, 0.011687, 0.003477, 0.033415, -0.020454, -0.009071, -0.009676, -0.037847, 0.010915, 0.011983, -0.008415, -0.026852, 0.013871, -0.002206, 0.021936, 0.072915, -0.004923, 0.004195, -0.036282, -0.006381, -0.025915, 0.017738, -0.024231, 0.007495, 0.002174, -0.007371, 0.014871, 0.000249, 0.065116, -0.001277, -0.036751, -0.050501, 0.04068, -0.014109, -0.014276, 0.007546, 0.072648, -0.02335, 0.005878, -0.030602, 0.034213, -0.013865, -0.067485, 0.012801, 0.039602, 0.021518, -0.015613, -0.015892, -0.016161, -0.032376, 0.023157, 0.068719, 0.018484, -0.053609, -0.008324, 0.020455, -0.001885, -0.018, -0.019086, -0.073377, 0.01641, -0.021371, -0.013361, 0.00678, -0.035943, 0.003293, -0.021239, -0.006122, 0.0005, 0.001434, 0.039942, -0.00167, -0.001652, -0.01034, -0.060409, 0.037066, -0.000686, -0.013902, 0.004405, 0.011452, 0.01239, -0.005291, -0.021081, -0.006571, 0.002705, 0.033579, -0.0052, 0.020761, 0.038141, 0.011592, -0.049864, -0.003322, -0.019067, -0.001669, 0.02459, -0.033261, 0.009758, -0.022509, -0.053153, -0.024591, 0.001275, 0.057821, 0.013027, -0.024348, 0.061161, -0.009536, 0.019123, 0.014591, -0.039786, 0.02958, -0.030683, -0.011001, -0.018121, -0.009735, 0.009288, 0.018711, -0.004532, -0.035679, -0.002195, -0.000556, 0.031449, -0.044355, -0.020014, 0.015235, 0.015157, 0.006373, 0.001153, 0.018423, 0.006869, 0.005739, -0.018326, -0.016875, -0.031747, 0.004475, 0.001169, -0.000262, -0.015466, -0.039054, -0.012903, 0.001897, 0.08901, -0.003061, 0.013646, -0.015874, -0.009905, -0.007171, 0.015599, -0.011346, 0.023598, 0.017986, 0.025757, -0.004749, 0.010347, -0.007776, 0.015942, -0.008159, -0.005913, -0.016782, -0.031532, -0.013885, -0.01304, 0.022404, -0.013199, -0.016133, 0.022021, 0.034753, 0.000429, 0.027109, 0.011255, -0.013621, -0.019366, -0.002385, -0.020205, 0.014736, -0.015846, 0.014491, -0.013885, 0.001564, 0.053484, 0.014879, 0.045065, -0.009826, -0.000761, 0.008388, -0.003123, -0.007425, 0.022944, 0.001318, 0.008844, 0.004014, -0.044652, -0.007303, 0.00218, -0.015818, 0.030608, -0.039487, -0.005453, 0.021083, 0.004891, -0.018141, -0.046281, -0.029567, 0.01996, -0.067055, -0.00688, -0.062733, -0.004681, 0.006519, 0.01268, -0.014407, -0.006418, 0.009829, 0.006493, 0.008634, -0.014454, 0.010936, 0.005593, -0.019334, 0.024432, 0.018915, -0.007186, 0.009795, 0.010588, -0.006337, -1.3e-05, -0.025463, -0.020666, 0.029187, -0.017895, 0.008351, 0.025799, 0.028124, -0.025006, 0.025595, -0.046298, -0.030749, 0.005425, -0.02006, 0.003905, -0.019027, -0.010256, -0.024657, 0.010608, 0.037233, 0.02859, -0.007073, -0.019728, -0.01902, -0.009645, 0.010083, 0.033447, -0.011825, 0.016415, 0.023647, 0.006287, -0.024838, 0.009665, -0.038487, 0.025472, 0.039044, 0.037701, 0.062902, -0.000203, -0.007939, 0.018086, -0.091405, -0.049675, 0.006639, 0.013959, 0.004031, -0.009706, 0.000157, -0.020827, 0.002994, -0.002029, 0.007248, 0.010428, 0.003704, -0.011193, 0.020373, 0.003928, 0.022784, -0.007168, -0.030818, -0.023967, -0.005386, -0.020234, 0.012453, -0.026876, -0.094621, 0.016393, 0.001855, -0.01064, -0.034102, 0.01219, 0.024307, 0.003044, 0.024179, 0.066366, -0.023242, -0.026575, 0.028237, 0.008601, 0.009848, 0.028805, -0.018182, 0.021021, 0.008411, -0.007381, 0.03235, -0.005163, -0.002854, -0.010383, -0.001014, 0.041065, 0.028468, 0.02035, -0.011538, -0.003995, 0.000593, 0.012598, -0.009353, 0.017078, -0.024685, 0.003034, 0.010635, -0.020003, 0.007433, 0.073955, -0.052781, 0.04648, 0.006575, 0.008179, -0.003048, 0.043518, -0.008337, 0.011148, 0.008178, 0.063059, -0.03891, -0.004731, -0.037255, -0.042891, 0.042754, -0.003546, -0.004691, -0.010567, 0.018466, -0.019728, -0.040223, 0.023816, -0.026575, -0.027437, -0.021408, -0.003317, 0.02429, 0.002332, 0.017645, -0.016149, -0.032432, -0.055099, -0.010494, 0.036934, 0.006188, 0.005948, 0.017218, 0.002977, 0.005084, 0.024189, 0.020903, 0.015058, 0.026398, 0.024019, -0.015307, -0.030642, -0.03767, -0.012353, -0.007444, -0.001428, -0.031568, -0.02779, -0.003507, -0.02123, -0.010548, -0.012385, -0.008354, 0.021268, 0.031576, 0.002997, -0.044321, -0.037287, -0.015281, 0.002917, 0.056358, 0.010753, 0.035797, -0.006769, 0.023474, 0.001065, 0.000247, 0.000734, 0.030979, -0.002583, -0.001795, 0.01219, -0.014544, -0.005774, -0.02663, -0.004934, 0.024958, 0.027919, 0.010683, -0.027507, 0.015581, -0.00904, 0.003961, -0.047661, -0.028406, -0.025089, -0.003465, 0.001465, 0.026646, -0.0134, -0.011925, -0.014359, 0.018297, -0.023488, -0.015381, -0.005435, 